ts,open,high,low,close,volume,volCcyQuote
2026-05-16 10:00:00+00:00,1.401,1.408,1.394,1.406,131864.32,18451132.063
2026-05-16 11:00:00+00:00,1.406,1.413,1.405,1.409,49038.31,6909201.303
2026-05-16 12:00:00+00:00,1.409,1.412,1.407,1.41,35156.17,4954781.115
2026-05-16 13:00:00+00:00,1.41,1.415,1.406,1.41,91633.99,12932471.739
2026-05-16 14:00:00+00:00,1.411,1.412,1.404,1.409,110901.14,15611181.862
2026-05-16 15:00:00+00:00,1.408,1.414,1.408,1.413,51401.75,7254684.757
2026-05-16 16:00:00+00:00,1.414,1.42,1.412,1.416,81065.55,11475248.794
2026-05-16 17:00:00+00:00,1.416,1.418,1.414,1.415,13364.58,1892856.677
2026-05-16 18:00:00+00:00,1.415,1.417,1.412,1.414,26943.16,3810330.611
2026-05-16 19:00:00+00:00,1.414,1.417,1.413,1.415,13882.61,1964318.64
2026-05-16 20:00:00+00:00,1.415,1.418,1.413,1.414,17905.54,2534345.182
2026-05-16 21:00:00+00:00,1.414,1.416,1.412,1.413,24425.6,3452696.777
2026-05-16 22:00:00+00:00,1.413,1.415,1.41,1.412,29580.89,4179310.446
2026-05-16 23:00:00+00:00,1.412,1.415,1.411,1.413,23737.52,3353583.184
2026-05-17 00:00:00+00:00,1.413,1.417,1.408,1.41,63077.89,8913366.836
2026-05-17 01:00:00+00:00,1.411,1.413,1.402,1.403,112533.74,15842714.354
2026-05-17 02:00:00+00:00,1.403,1.41,1.401,1.406,105180.19,14783883.209
2026-05-17 03:00:00+00:00,1.406,1.414,1.405,1.412,33756.19,4757724.397
2026-05-17 04:00:00+00:00,1.411,1.417,1.411,1.414,34561.75,4888487.62
2026-05-17 05:00:00+00:00,1.414,1.421,1.414,1.416,33374.57,4730210.033
2026-05-17 06:00:00+00:00,1.415,1.419,1.414,1.416,23815.87,3373270.104
2026-05-17 07:00:00+00:00,1.416,1.42,1.415,1.418,24758.09,3509329.094
2026-05-17 08:00:00+00:00,1.417,1.419,1.413,1.414,52626.78,7448662.852
2026-05-17 09:00:00+00:00,1.413,1.421,1.412,1.42,57087.34,8082153.626
2026-05-17 10:00:00+00:00,1.42,1.428,1.419,1.424,107776.25,15340312.603
2026-05-17 11:00:00+00:00,1.423,1.424,1.419,1.422,30188.27,4290235.45
2026-05-17 12:00:00+00:00,1.421,1.426,1.42,1.423,29220.66,4158262.978
2026-05-17 13:00:00+00:00,1.422,1.423,1.415,1.418,39438.61,5596333.237
2026-05-17 14:00:00+00:00,1.418,1.418,1.409,1.413,60144.2,8496482.485
2026-05-17 15:00:00+00:00,1.412,1.414,1.408,1.411,31888.12,4501107.509
2026-05-17 16:00:00+00:00,1.412,1.415,1.409,1.41,27436.29,3873963.91
2026-05-17 17:00:00+00:00,1.411,1.412,1.407,1.41,27564.29,3884424.283
2026-05-17 18:00:00+00:00,1.41,1.413,1.405,1.412,27187.07,3830649.916
2026-05-17 19:00:00+00:00,1.413,1.422,1.412,1.421,35369.85,5012895.647
2026-05-17 20:00:00+00:00,1.421,1.423,1.416,1.418,40852.39,5794151.42
2026-05-17 21:00:00+00:00,1.418,1.426,1.416,1.423,32974.88,4688811.986
2026-05-17 22:00:00+00:00,1.422,1.422,1.408,1.41,85391.13,12066607.186
2026-05-17 23:00:00+00:00,1.411,1.413,1.365,1.4,502768.49,69911689.23
2026-05-18 00:00:00+00:00,1.401,1.401,1.387,1.396,191241.3,26644624.94
2026-05-18 01:00:00+00:00,1.396,1.397,1.383,1.394,86293.87,11986210.79
2026-05-18 02:00:00+00:00,1.394,1.402,1.389,1.391,67957.48,9485659.991
2026-05-18 03:00:00+00:00,1.392,1.4,1.388,1.392,51569.3,7185346.547
2026-05-18 04:00:00+00:00,1.392,1.399,1.385,1.393,51114.06,7114744.69
2026-05-18 05:00:00+00:00,1.393,1.395,1.386,1.388,72467.79,10081079.866
2026-05-18 06:00:00+00:00,1.389,1.391,1.376,1.388,148280.47,20500198.798
2026-05-18 07:00:00+00:00,1.388,1.39,1.379,1.386,43916.68,6082356.161
2026-05-18 08:00:00+00:00,1.385,1.389,1.38,1.387,32071.83,4440860.628
2026-05-18 09:00:00+00:00,1.386,1.387,1.381,1.382,24051.99,3327539.45
2026-05-18 10:00:00+00:00,1.381,1.383,1.376,1.378,39899.54,5502763.454
2026-05-18 11:00:00+00:00,1.377,1.396,1.375,1.39,79259.3,10992537.808
2026-05-18 12:00:00+00:00,1.389,1.402,1.389,1.398,75160.52,10484984.163
2026-05-18 13:00:00+00:00,1.398,1.398,1.375,1.385,102809.93,14245483.064
2026-05-18 14:00:00+00:00,1.384,1.385,1.371,1.377,89269.91,12302376.895
2026-05-18 15:00:00+00:00,1.377,1.378,1.367,1.375,71655.46,9833644.238
2026-05-18 16:00:00+00:00,1.375,1.38,1.369,1.377,34814.49,4789724.348
2026-05-18 17:00:00+00:00,1.377,1.383,1.375,1.379,25598.88,3532302.814
2026-05-18 18:00:00+00:00,1.38,1.38,1.362,1.366,65800.46,9005502.492
2026-05-18 19:00:00+00:00,1.366,1.39,1.366,1.387,89203.41,12320408.638
2026-05-18 20:00:00+00:00,1.387,1.392,1.382,1.383,33594.98,4661523.77
2026-05-18 21:00:00+00:00,1.384,1.395,1.381,1.392,28123.32,3906778.883
2026-05-18 22:00:00+00:00,1.393,1.396,1.387,1.392,37049.63,5154693.369
2026-05-18 23:00:00+00:00,1.392,1.394,1.387,1.389,23762.86,3303641.059
2026-05-19 00:00:00+00:00,1.389,1.397,1.388,1.392,45003.12,6267713.091
2026-05-19 01:00:00+00:00,1.392,1.392,1.383,1.383,35315.58,4899590.464
2026-05-19 02:00:00+00:00,1.383,1.388,1.377,1.379,57459.36,7933835.545
2026-05-19 03:00:00+00:00,1.378,1.384,1.376,1.382,41720.4,5760475.249
2026-05-19 04:00:00+00:00,1.383,1.387,1.378,1.386,48502.48,6709728.923
2026-05-19 05:00:00+00:00,1.385,1.387,1.377,1.381,79456.47,10988961.942
2026-05-19 06:00:00+00:00,1.381,1.387,1.38,1.384,92352.46,12770793.079
2026-05-19 07:00:00+00:00,1.384,1.389,1.381,1.388,113379.59,15713036.741
2026-05-19 08:00:00+00:00,1.388,1.388,1.379,1.382,100655.3,13917651.389
2026-05-19 09:00:00+00:00,1.381,1.384,1.369,1.374,86805.18,11939734.888
2026-05-19 10:00:00+00:00,1.373,1.376,1.367,1.374,54923.37,7535033.428
2026-05-19 11:00:00+00:00,1.374,1.376,1.368,1.371,39378.33,5400947.32
2026-05-19 12:00:00+00:00,1.371,1.378,1.369,1.376,52628.77,7226767.732
2026-05-19 13:00:00+00:00,1.376,1.381,1.369,1.375,89715.74,12335321.073
2026-05-19 14:00:00+00:00,1.376,1.379,1.359,1.366,106494.82,14565578.259
2026-05-19 15:00:00+00:00,1.365,1.372,1.364,1.366,52445.35,7171467.162
2026-05-19 16:00:00+00:00,1.367,1.373,1.362,1.372,48470.4,6625821.801
2026-05-19 17:00:00+00:00,1.372,1.374,1.361,1.363,47550.99,6507306.427
2026-05-19 18:00:00+00:00,1.362,1.367,1.36,1.361,31311.54,4268642.621
2026-05-19 19:00:00+00:00,1.362,1.366,1.355,1.357,67307.03,9148134.904
2026-05-19 20:00:00+00:00,1.356,1.36,1.354,1.357,23399.23,3175027.168
2026-05-19 21:00:00+00:00,1.357,1.363,1.356,1.359,26691.29,3630524.74
2026-05-19 22:00:00+00:00,1.358,1.359,1.351,1.356,56285.51,7630484.041
2026-05-19 23:00:00+00:00,1.356,1.365,1.355,1.36,38908.0,5294923.476
2026-05-20 00:00:00+00:00,1.361,1.364,1.35,1.356,82119.93,11134249.807
2026-05-20 01:00:00+00:00,1.355,1.358,1.346,1.355,77776.25,10507159.487
2026-05-20 02:00:00+00:00,1.354,1.356,1.349,1.351,28031.27,3790990.854
2026-05-20 03:00:00+00:00,1.351,1.358,1.348,1.355,19781.26,2679672.928
2026-05-20 04:00:00+00:00,1.356,1.36,1.352,1.358,26427.74,3584325.908
2026-05-20 05:00:00+00:00,1.359,1.369,1.358,1.367,62445.17,8529063.269
2026-05-20 06:00:00+00:00,1.368,1.37,1.365,1.37,48437.23,6623365.311
2026-05-20 07:00:00+00:00,1.37,1.373,1.366,1.368,31792.53,4352106.806
2026-05-20 08:00:00+00:00,1.368,1.372,1.364,1.37,30914.81,4230669.575
2026-05-20 09:00:00+00:00,1.369,1.372,1.367,1.369,32491.32,4452675.294
2026-05-20 10:00:00+00:00,1.369,1.375,1.368,1.369,28583.95,3917728.512
2026-05-20 11:00:00+00:00,1.369,1.37,1.363,1.363,41462.61,5665317.997
2026-05-20 12:00:00+00:00,1.363,1.375,1.362,1.372,37274.55,5097261.972
2026-05-20 13:00:00+00:00,1.371,1.373,1.357,1.363,68005.61,9277634.094
2026-05-20 14:00:00+00:00,1.363,1.375,1.357,1.372,80409.77,10995744.049
2026-05-20 15:00:00+00:00,1.371,1.38,1.367,1.374,101395.08,13930971.085
2026-05-20 16:00:00+00:00,1.373,1.377,1.365,1.374,55623.56,7630850.558
2026-05-20 17:00:00+00:00,1.375,1.38,1.37,1.375,65455.4,9001694.633
2026-05-20 18:00:00+00:00,1.374,1.376,1.364,1.367,72197.71,9892858.233
2026-05-20 19:00:00+00:00,1.366,1.372,1.364,1.371,40709.49,5572929.712
2026-05-20 20:00:00+00:00,1.371,1.372,1.363,1.369,47548.85,6503959.865
2026-05-20 21:00:00+00:00,1.369,1.371,1.366,1.366,20178.05,2762361.087
2026-05-20 22:00:00+00:00,1.366,1.367,1.359,1.365,39794.9,5426144.405
2026-05-20 23:00:00+00:00,1.364,1.367,1.361,1.366,26917.73,3672151.214
2026-05-21 00:00:00+00:00,1.366,1.378,1.365,1.375,55418.72,7601619.314
2026-05-21 01:00:00+00:00,1.376,1.381,1.375,1.377,44487.13,6126481.938
2026-05-21 02:00:00+00:00,1.377,1.386,1.376,1.38,39461.76,5455194.833
2026-05-21 03:00:00+00:00,1.38,1.384,1.379,1.383,22640.32,3126667.608
2026-05-21 04:00:00+00:00,1.383,1.385,1.38,1.381,23714.59,3278236.875
2026-05-21 05:00:00+00:00,1.382,1.383,1.371,1.373,32418.15,4461950.608
2026-05-21 06:00:00+00:00,1.373,1.376,1.368,1.37,48103.18,6601886.795
2026-05-21 07:00:00+00:00,1.37,1.377,1.368,1.374,36451.54,5000385.371
2026-05-21 08:00:00+00:00,1.375,1.385,1.375,1.38,104182.32,14391612.078
2026-05-21 09:00:00+00:00,1.379,1.382,1.373,1.373,40983.08,5641375.104
2026-05-21 10:00:00+00:00,1.373,1.374,1.362,1.366,143093.48,19588976.494
2026-05-21 11:00:00+00:00,1.366,1.369,1.362,1.362,43090.86,5883789.49
2026-05-21 12:00:00+00:00,1.363,1.366,1.36,1.365,49625.26,6765529.73
2026-05-21 13:00:00+00:00,1.364,1.368,1.353,1.361,92644.18,12603650.973
2026-05-21 14:00:00+00:00,1.361,1.363,1.35,1.355,76505.18,10373996.15
2026-05-21 15:00:00+00:00,1.355,1.365,1.354,1.36,52527.99,7143925.025
2026-05-21 16:00:00+00:00,1.36,1.364,1.356,1.361,39339.89,5351745.115
2026-05-21 17:00:00+00:00,1.361,1.386,1.36,1.381,147758.73,20312440.449
2026-05-21 18:00:00+00:00,1.38,1.382,1.365,1.371,65812.06,9051812.63
2026-05-21 19:00:00+00:00,1.37,1.381,1.37,1.379,35016.58,4819678.657
2026-05-21 20:00:00+00:00,1.379,1.381,1.375,1.377,28557.07,3936298.021
2026-05-21 21:00:00+00:00,1.376,1.379,1.374,1.374,26173.12,3603534.657
2026-05-21 22:00:00+00:00,1.375,1.376,1.37,1.371,28250.13,3877244.065
2026-05-21 23:00:00+00:00,1.371,1.374,1.368,1.373,29677.65,4068959.002
2026-05-22 00:00:00+00:00,1.373,1.374,1.366,1.368,27592.53,3778069.969
2026-05-22 01:00:00+00:00,1.367,1.371,1.364,1.37,18804.8,2571637.933
2026-05-22 02:00:00+00:00,1.37,1.374,1.368,1.372,39217.09,5379429.097
2026-05-22 03:00:00+00:00,1.373,1.374,1.37,1.372,18736.59,2570100.026
2026-05-22 04:00:00+00:00,1.372,1.376,1.367,1.37,26651.36,3656763.628
2026-05-22 05:00:00+00:00,1.37,1.373,1.366,1.368,39282.65,5380021.454
2026-05-22 06:00:00+00:00,1.368,1.369,1.359,1.359,86271.16,11762393.257
2026-05-22 07:00:00+00:00,1.36,1.367,1.355,1.363,117738.06,15999183.931
2026-05-22 08:00:00+00:00,1.364,1.368,1.359,1.362,63764.02,8685936.809
2026-05-22 09:00:00+00:00,1.361,1.364,1.357,1.358,30349.96,4129946.854
2026-05-22 10:00:00+00:00,1.358,1.361,1.356,1.359,26576.52,3611245.153
2026-05-22 11:00:00+00:00,1.359,1.361,1.353,1.36,32031.7,4346487.769
2026-05-22 12:00:00+00:00,1.36,1.366,1.359,1.365,41983.07,5720545.968
2026-05-22 13:00:00+00:00,1.365,1.37,1.356,1.361,85831.63,11696625.592
2026-05-22 14:00:00+00:00,1.361,1.361,1.348,1.35,76865.78,10408342.056
2026-05-22 15:00:00+00:00,1.35,1.357,1.346,1.353,54458.89,7361132.674
2026-05-22 16:00:00+00:00,1.352,1.355,1.349,1.354,29885.03,4039399.482
2026-05-22 17:00:00+00:00,1.353,1.359,1.349,1.352,47111.25,6380661.182
2026-05-22 18:00:00+00:00,1.353,1.355,1.333,1.348,167625.78,22509846.963
2026-05-22 19:00:00+00:00,1.348,1.352,1.333,1.337,133375.7,17872033.659
2026-05-22 20:00:00+00:00,1.337,1.342,1.334,1.34,84903.63,11359340.382
2026-05-22 21:00:00+00:00,1.341,1.343,1.339,1.342,21989.8,2949150.777
2026-05-22 22:00:00+00:00,1.342,1.343,1.336,1.34,25789.6,3455395.494
2026-05-22 23:00:00+00:00,1.34,1.343,1.328,1.334,88893.92,11854234.702
2026-05-23 00:00:00+00:00,1.333,1.336,1.326,1.333,113256.95,15068611.124
2026-05-23 01:00:00+00:00,1.334,1.338,1.332,1.337,30125.99,4024427.295
2026-05-23 02:00:00+00:00,1.336,1.34,1.335,1.339,24551.53,3283464.297
2026-05-23 03:00:00+00:00,1.339,1.341,1.338,1.339,25859.85,3464593.05
2026-05-23 04:00:00+00:00,1.34,1.34,1.333,1.335,22847.97,3053956.086
2026-05-23 05:00:00+00:00,1.336,1.336,1.328,1.329,65069.88,8655452.619
2026-05-23 06:00:00+00:00,1.33,1.335,1.326,1.331,92874.67,12359700.192
2026-05-23 07:00:00+00:00,1.332,1.333,1.299,1.31,400578.95,52656629.111
2026-05-23 08:00:00+00:00,1.311,1.318,1.306,1.31,248694.02,32615576.505
2026-05-23 09:00:00+00:00,1.309,1.318,1.309,1.316,54109.24,7103456.751
2026-05-23 10:00:00+00:00,1.317,1.323,1.316,1.321,33450.25,4411001.449
2026-05-23 11:00:00+00:00,1.321,1.326,1.32,1.324,34765.34,4600720.635
2026-05-23 12:00:00+00:00,1.324,1.327,1.323,1.326,28950.36,3834710.655
2026-05-23 13:00:00+00:00,1.326,1.336,1.325,1.332,77606.74,10342079.239
2026-05-23 14:00:00+00:00,1.332,1.34,1.33,1.338,116471.86,15542825.854
2026-05-23 15:00:00+00:00,1.339,1.341,1.334,1.335,72875.97,9745552.229
2026-05-23 16:00:00+00:00,1.335,1.338,1.332,1.337,77256.9,10316306.995
2026-05-23 17:00:00+00:00,1.336,1.339,1.334,1.338,24356.12,3255197.609
2026-05-23 18:00:00+00:00,1.338,1.35,1.337,1.345,64157.11,8621282.038
2026-05-23 19:00:00+00:00,1.345,1.347,1.342,1.345,17742.41,2384617.824
2026-05-23 20:00:00+00:00,1.346,1.371,1.344,1.37,135684.67,18430662.96
2026-05-23 21:00:00+00:00,1.371,1.375,1.352,1.358,95006.53,12950652.904
2026-05-23 22:00:00+00:00,1.359,1.363,1.351,1.358,64053.57,8686794.251
2026-05-23 23:00:00+00:00,1.357,1.361,1.355,1.357,21080.16,2862155.899
2026-05-24 00:00:00+00:00,1.358,1.363,1.355,1.36,24198.38,3288850.946
2026-05-24 01:00:00+00:00,1.361,1.362,1.358,1.36,25061.63,3409057.812
2026-05-24 02:00:00+00:00,1.359,1.362,1.357,1.36,22612.37,3073600.389
2026-05-24 03:00:00+00:00,1.36,1.363,1.358,1.36,21927.47,2982847.058
2026-05-24 04:00:00+00:00,1.36,1.361,1.358,1.36,23537.42,3199891.971
2026-05-24 05:00:00+00:00,1.359,1.36,1.354,1.359,29811.7,4046040.053
2026-05-24 06:00:00+00:00,1.359,1.363,1.356,1.362,19109.09,2597289.115
2026-05-24 07:00:00+00:00,1.361,1.364,1.357,1.358,18945.2,2576470.697
2026-05-24 08:00:00+00:00,1.359,1.361,1.356,1.36,15635.5,2124559.405
2026-05-24 09:00:00+00:00,1.359,1.366,1.359,1.364,43275.66,5899777.592
2026-05-24 10:00:00+00:00,1.364,1.37,1.361,1.363,74172.56,10123753.331
2026-05-24 11:00:00+00:00,1.362,1.369,1.361,1.365,104094.46,14208335.884
2026-05-24 12:00:00+00:00,1.365,1.365,1.359,1.361,41354.83,5632521.622
2026-05-24 13:00:00+00:00,1.361,1.363,1.355,1.358,30467.53,4141833.647
2026-05-24 14:00:00+00:00,1.358,1.359,1.337,1.349,96896.14,13057304.973
2026-05-24 15:00:00+00:00,1.349,1.35,1.347,1.348,24623.63,3320300.741
2026-05-24 16:00:00+00:00,1.348,1.352,1.346,1.349,26050.43,3513111.549
2026-05-24 17:00:00+00:00,1.349,1.354,1.349,1.353,24930.34,3369465.195
2026-05-24 18:00:00+00:00,1.353,1.353,1.346,1.348,34660.16,4674419.732
2026-05-24 19:00:00+00:00,1.347,1.35,1.344,1.349,23774.82,3203374.508
2026-05-24 20:00:00+00:00,1.348,1.349,1.342,1.344,23121.66,3108649.619
2026-05-24 21:00:00+00:00,1.344,1.346,1.33,1.335,78210.67,10458442.411
2026-05-24 22:00:00+00:00,1.335,1.35,1.334,1.346,75743.0,10193647.283
2026-05-24 23:00:00+00:00,1.347,1.353,1.346,1.349,29009.74,3914347.82
2026-05-25 00:00:00+00:00,1.35,1.355,1.349,1.351,29862.25,4036867.418
2026-05-25 01:00:00+00:00,1.35,1.355,1.345,1.346,22369.33,3021855.105
2026-05-25 02:00:00+00:00,1.346,1.356,1.345,1.346,44309.42,5981429.639
2026-05-25 03:00:00+00:00,1.346,1.348,1.342,1.346,23446.39,3152924.89
2026-05-25 04:00:00+00:00,1.346,1.356,1.344,1.354,45272.56,6113626.197
2026-05-25 05:00:00+00:00,1.355,1.36,1.353,1.357,30051.85,4077261.735
2026-05-25 06:00:00+00:00,1.358,1.36,1.353,1.358,21326.19,2892427.349
2026-05-25 07:00:00+00:00,1.358,1.36,1.351,1.358,73481.54,9953041.73
2026-05-25 08:00:00+00:00,1.358,1.365,1.355,1.359,87873.96,11946206.423
2026-05-25 09:00:00+00:00,1.359,1.363,1.355,1.36,35382.49,4808383.79
2026-05-25 10:00:00+00:00,1.359,1.361,1.358,1.36,23359.62,3175903.911
2026-05-25 11:00:00+00:00,1.36,1.361,1.356,1.356,37497.61,5093223.859
2026-05-25 12:00:00+00:00,1.357,1.359,1.355,1.356,24235.19,3288655.214
2026-05-25 13:00:00+00:00,1.356,1.358,1.354,1.358,19092.82,2589403.964
2026-05-25 14:00:00+00:00,1.357,1.362,1.356,1.361,33800.12,4596566.883
2026-05-25 15:00:00+00:00,1.36,1.365,1.356,1.358,39645.94,5391138.939
2026-05-25 16:00:00+00:00,1.358,1.363,1.356,1.361,22239.47,3022524.129
2026-05-25 17:00:00+00:00,1.362,1.364,1.359,1.361,21167.16,2881259.249
2026-05-25 18:00:00+00:00,1.36,1.363,1.357,1.358,11284.36,1534337.985
2026-05-25 19:00:00+00:00,1.357,1.358,1.353,1.356,27265.92,3696381.16
2026-05-25 20:00:00+00:00,1.355,1.359,1.35,1.354,24071.53,3260058.4
2026-05-25 21:00:00+00:00,1.353,1.356,1.353,1.354,12906.7,1747771.889
2026-05-25 22:00:00+00:00,1.353,1.355,1.345,1.347,45768.34,6178498.634
2026-05-25 23:00:00+00:00,1.348,1.351,1.345,1.35,27353.3,3688856.835
2026-05-26 00:00:00+00:00,1.349,1.351,1.334,1.341,60254.73,8090287.757
2026-05-26 01:00:00+00:00,1.341,1.344,1.336,1.338,61596.18,8250081.942
2026-05-26 02:00:00+00:00,1.339,1.339,1.334,1.336,37064.44,4956079.224
2026-05-26 03:00:00+00:00,1.336,1.34,1.333,1.339,39647.71,5295243.914
2026-05-26 04:00:00+00:00,1.34,1.346,1.338,1.344,35451.86,4760553.458
2026-05-26 05:00:00+00:00,1.345,1.35,1.343,1.347,35889.26,4830334.263
2026-05-26 06:00:00+00:00,1.347,1.349,1.344,1.348,28914.58,3892810.078
2026-05-26 07:00:00+00:00,1.347,1.348,1.338,1.34,38852.44,5211407.825
2026-05-26 08:00:00+00:00,1.339,1.343,1.338,1.34,23435.33,3141875.853
2026-05-26 09:00:00+00:00,1.339,1.343,1.338,1.341,26893.52,3604596.621
2026-05-26 10:00:00+00:00,1.34,1.359,1.339,1.356,76393.36,10337205.027
2026-05-26 11:00:00+00:00,1.356,1.357,1.35,1.351,48238.1,6528754.622
2026-05-26 12:00:00+00:00,1.351,1.355,1.347,1.354,43742.36,5907790.728
2026-05-26 13:00:00+00:00,1.355,1.36,1.347,1.354,48100.01,6508265.592
2026-05-26 14:00:00+00:00,1.355,1.365,1.346,1.352,83744.19,11352156.997
2026-05-26 15:00:00+00:00,1.351,1.353,1.338,1.343,75635.06,10172668.06
2026-05-26 16:00:00+00:00,1.343,1.345,1.336,1.34,52567.17,7048414.272
2026-05-26 17:00:00+00:00,1.34,1.343,1.325,1.331,120205.68,15997662.566
2026-05-26 18:00:00+00:00,1.331,1.338,1.327,1.328,46518.28,6193329.649
2026-05-26 19:00:00+00:00,1.329,1.334,1.325,1.331,33074.64,4398612.907
2026-05-26 20:00:00+00:00,1.331,1.333,1.329,1.333,20506.67,2730002.849
2026-05-26 21:00:00+00:00,1.333,1.334,1.327,1.331,25071.83,3336735.993
2026-05-26 22:00:00+00:00,1.331,1.333,1.327,1.329,45179.69,6007634.919
2026-05-26 23:00:00+00:00,1.329,1.331,1.327,1.328,29093.45,3866832.78
2026-05-27 00:00:00+00:00,1.328,1.332,1.327,1.332,33351.23,4434802.598
2026-05-27 01:00:00+00:00,1.331,1.332,1.328,1.33,32925.95,4380189.23
2026-05-27 02:00:00+00:00,1.33,1.33,1.325,1.33,43292.42,5745981.398
2026-05-27 03:00:00+00:00,1.33,1.332,1.325,1.327,40722.19,5411918.215
2026-05-27 04:00:00+00:00,1.327,1.33,1.319,1.329,89220.99,11813469.266
2026-05-27 05:00:00+00:00,1.329,1.332,1.328,1.331,36017.84,4791339.067
2026-05-27 06:00:00+00:00,1.33,1.336,1.329,1.334,39129.78,5211897.205
2026-05-27 07:00:00+00:00,1.334,1.336,1.328,1.33,60876.02,8105470.702
2026-05-27 08:00:00+00:00,1.33,1.337,1.328,1.335,103934.29,13856442.204
2026-05-27 09:00:00+00:00,1.334,1.337,1.326,1.328,174378.12,23226208.279
2026-05-27 10:00:00+00:00,1.328,1.334,1.327,1.329,79916.34,10637129.342
2026-05-27 11:00:00+00:00,1.33,1.334,1.328,1.328,37643.21,5007478.444
2026-05-27 12:00:00+00:00,1.329,1.341,1.324,1.331,129280.66,17234844.341
2026-05-27 13:00:00+00:00,1.331,1.333,1.317,1.323,126743.24,16769417.365
2026-05-27 14:00:00+00:00,1.323,1.33,1.317,1.329,81851.93,10826180.889
2026-05-27 15:00:00+00:00,1.33,1.343,1.328,1.336,100573.11,13448050.84
2026-05-27 16:00:00+00:00,1.336,1.338,1.327,1.332,48446.97,6452157.8
2026-05-27 17:00:00+00:00,1.332,1.332,1.316,1.32,70508.45,9320334.915
2026-05-27 18:00:00+00:00,1.319,1.326,1.316,1.326,32208.62,4252262.245
2026-05-27 19:00:00+00:00,1.326,1.333,1.325,1.33,45322.81,6028047.386
2026-05-27 20:00:00+00:00,1.33,1.334,1.326,1.33,27955.86,3717371.941
2026-05-27 21:00:00+00:00,1.33,1.332,1.309,1.315,74240.8,9787868.565
2026-05-27 22:00:00+00:00,1.315,1.32,1.309,1.31,91281.88,11980991.732
2026-05-27 23:00:00+00:00,1.309,1.312,1.302,1.307,120879.12,15787996.914
2026-05-28 00:00:00+00:00,1.307,1.311,1.305,1.309,43654.87,5710158.22
2026-05-28 01:00:00+00:00,1.308,1.31,1.297,1.302,91769.17,11945384.567
2026-05-28 02:00:00+00:00,1.302,1.305,1.299,1.301,55689.76,7253111.468
2026-05-28 03:00:00+00:00,1.301,1.303,1.273,1.279,363511.45,46749392.999
2026-05-28 04:00:00+00:00,1.278,1.284,1.266,1.284,194073.31,24745108.869
2026-05-28 05:00:00+00:00,1.284,1.285,1.276,1.283,62313.66,7980528.568
2026-05-28 06:00:00+00:00,1.282,1.289,1.279,1.287,57930.76,7440010.878
2026-05-28 07:00:00+00:00,1.287,1.293,1.286,1.293,60714.79,7832738.681
2026-05-28 08:00:00+00:00,1.292,1.293,1.286,1.288,28818.58,3715495.88
2026-05-28 09:00:00+00:00,1.288,1.293,1.286,1.291,20745.42,2676468.887
2026-05-28 10:00:00+00:00,1.291,1.296,1.287,1.288,37571.54,4853764.326
2026-05-28 11:00:00+00:00,1.288,1.29,1.285,1.286,37657.58,4846794.693
2026-05-28 12:00:00+00:00,1.286,1.294,1.282,1.293,48488.18,6247916.08
2026-05-28 13:00:00+00:00,1.294,1.299,1.288,1.295,84312.15,10905607.651
2026-05-28 14:00:00+00:00,1.295,1.31,1.285,1.301,123628.09,16041916.844
2026-05-28 15:00:00+00:00,1.3,1.314,1.293,1.312,78031.2,10183233.463
2026-05-28 16:00:00+00:00,1.312,1.329,1.305,1.323,106915.72,14096167.162
2026-05-28 17:00:00+00:00,1.323,1.329,1.317,1.325,55465.25,7337863.652
2026-05-28 18:00:00+00:00,1.324,1.338,1.324,1.334,55857.23,7441658.489
2026-05-28 19:00:00+00:00,1.333,1.334,1.314,1.316,45801.21,6054686.496
2026-05-28 20:00:00+00:00,1.315,1.324,1.309,1.32,56882.53,7485598.597
2026-05-28 21:00:00+00:00,1.32,1.323,1.315,1.319,31908.25,4209732.916
2026-05-28 22:00:00+00:00,1.318,1.321,1.311,1.314,38976.31,5127337.737
2026-05-28 23:00:00+00:00,1.314,1.318,1.312,1.315,30775.46,4045680.123
2026-05-29 00:00:00+00:00,1.314,1.32,1.313,1.314,41208.88,5426700.678
2026-05-29 01:00:00+00:00,1.314,1.317,1.307,1.309,39438.68,5167261.708
2026-05-29 02:00:00+00:00,1.309,1.311,1.303,1.303,28122.1,3678267.392
2026-05-29 03:00:00+00:00,1.303,1.314,1.303,1.312,29744.74,3895808.873
2026-05-29 04:00:00+00:00,1.311,1.312,1.302,1.31,41002.01,5352587.255
2026-05-29 05:00:00+00:00,1.309,1.315,1.307,1.314,32336.81,4240040.077
2026-05-29 06:00:00+00:00,1.314,1.32,1.313,1.316,52678.02,6934591.262
2026-05-29 07:00:00+00:00,1.315,1.318,1.309,1.316,41016.6,5388858.815
2026-05-29 08:00:00+00:00,1.315,1.323,1.315,1.32,49557.17,6540216.064
2026-05-29 09:00:00+00:00,1.321,1.327,1.319,1.323,32862.44,4348743.883
2026-05-29 10:00:00+00:00,1.322,1.323,1.316,1.318,30502.36,4023760.967
2026-05-29 11:00:00+00:00,1.317,1.318,1.306,1.311,77260.17,10134747.548
2026-05-29 12:00:00+00:00,1.311,1.311,1.301,1.304,83399.71,10885349.284
2026-05-29 13:00:00+00:00,1.303,1.305,1.296,1.301,103236.77,13425656.729
2026-05-29 14:00:00+00:00,1.301,1.308,1.293,1.307,105466.34,13719228.532
2026-05-29 15:00:00+00:00,1.306,1.333,1.303,1.321,160824.96,21243231.698
2026-05-29 16:00:00+00:00,1.321,1.33,1.315,1.326,98267.96,13008334.499
2026-05-29 17:00:00+00:00,1.326,1.332,1.323,1.323,61722.2,8197702.967
2026-05-29 18:00:00+00:00,1.324,1.33,1.315,1.318,71542.81,9454010.961
2026-05-29 19:00:00+00:00,1.318,1.323,1.309,1.32,54375.7,7160015.978
2026-05-29 20:00:00+00:00,1.32,1.325,1.319,1.322,31297.82,4135503.03
2026-05-29 21:00:00+00:00,1.322,1.326,1.315,1.315,29607.72,3909728.455
2026-05-29 22:00:00+00:00,1.315,1.32,1.313,1.32,32161.1,4236651.232
2026-05-29 23:00:00+00:00,1.32,1.33,1.318,1.328,47272.22,6257253.185
2026-05-30 00:00:00+00:00,1.329,1.349,1.326,1.347,123134.49,16442077.004
2026-05-30 01:00:00+00:00,1.348,1.365,1.342,1.356,215612.96,29255677.04
2026-05-30 02:00:00+00:00,1.356,1.363,1.353,1.359,110359.3,14985666.894
2026-05-30 03:00:00+00:00,1.36,1.362,1.349,1.35,79983.4,10839138.122
2026-05-30 04:00:00+00:00,1.35,1.352,1.335,1.343,148405.08,19929684.538
2026-05-30 05:00:00+00:00,1.342,1.351,1.341,1.347,108897.23,14659630.596
2026-05-30 06:00:00+00:00,1.348,1.349,1.342,1.344,55509.24,7468763.074
2026-05-30 07:00:00+00:00,1.344,1.346,1.339,1.342,37192.65,4992077.414
2026-05-30 08:00:00+00:00,1.341,1.342,1.339,1.34,32924.1,4413448.999
2026-05-30 09:00:00+00:00,1.339,1.345,1.339,1.343,43226.09,5802736.921
2026-05-30 10:00:00+00:00,1.343,1.344,1.34,1.341,18829.32,2526698.618
2026-05-30 11:00:00+00:00,1.341,1.343,1.336,1.34,45899.67,6149117.256
2026-05-30 12:00:00+00:00,1.34,1.342,1.336,1.339,49755.3,6663750.495
2026-05-30 13:00:00+00:00,1.339,1.341,1.336,1.34,30297.97,4055837.237
2026-05-30 14:00:00+00:00,1.34,1.346,1.338,1.342,49723.43,6672196.097
2026-05-30 15:00:00+00:00,1.341,1.345,1.338,1.342,49442.46,6631878.025
2026-05-30 16:00:00+00:00,1.341,1.348,1.34,1.346,50845.23,6838473.313
2026-05-30 17:00:00+00:00,1.347,1.352,1.343,1.351,50260.89,6770400.658
2026-05-30 18:00:00+00:00,1.352,1.353,1.347,1.35,41905.63,5658900.473
2026-05-30 19:00:00+00:00,1.351,1.351,1.344,1.347,38085.67,5130809.529
2026-05-30 20:00:00+00:00,1.347,1.349,1.345,1.347,20172.97,2718337.142
2026-05-30 21:00:00+00:00,1.347,1.351,1.345,1.349,28269.62,3813299.819
2026-05-30 22:00:00+00:00,1.349,1.349,1.336,1.341,89267.3,11968137.099
2026-05-30 23:00:00+00:00,1.341,1.343,1.337,1.34,34269.1,4592215.378
2026-05-31 00:00:00+00:00,1.34,1.341,1.336,1.34,48638.17,6507912.0
2026-05-31 01:00:00+00:00,1.339,1.343,1.339,1.341,30958.21,4150984.218
2026-05-31 02:00:00+00:00,1.341,1.346,1.335,1.341,66483.15,8910482.653
2026-05-31 03:00:00+00:00,1.341,1.345,1.34,1.343,25144.83,3374700.022
2026-05-31 04:00:00+00:00,1.344,1.346,1.342,1.346,14591.39,1961349.356
2026-05-31 05:00:00+00:00,1.345,1.346,1.341,1.342,24038.72,3229112.196
2026-05-31 06:00:00+00:00,1.342,1.343,1.339,1.339,15638.8,2096512.097
2026-05-31 07:00:00+00:00,1.34,1.34,1.331,1.334,68817.16,9185118.667
2026-05-31 08:00:00+00:00,1.334,1.339,1.334,1.337,35918.94,4798850.695
2026-05-31 09:00:00+00:00,1.338,1.342,1.335,1.338,24928.47,3336037.723
2026-05-31 10:00:00+00:00,1.339,1.339,1.332,1.335,31687.18,4230335.982
2026-05-31 11:00:00+00:00,1.335,1.343,1.335,1.341,33018.34,4423262.558
2026-05-31 12:00:00+00:00,1.341,1.343,1.337,1.341,24784.9,3322531.845
2026-05-31 13:00:00+00:00,1.341,1.347,1.34,1.342,43559.39,5853973.755
2026-05-31 14:00:00+00:00,1.341,1.344,1.326,1.329,200341.17,26688723.942
2026-05-31 15:00:00+00:00,1.329,1.334,1.327,1.33,34119.71,4539751.644
2026-05-31 16:00:00+00:00,1.329,1.332,1.32,1.326,136356.1,18067255.93
2026-05-31 17:00:00+00:00,1.327,1.331,1.326,1.329,26422.0,3509982.745
2026-05-31 18:00:00+00:00,1.33,1.33,1.324,1.326,24027.77,3188862.122
2026-05-31 19:00:00+00:00,1.327,1.327,1.319,1.325,47050.21,6222077.207
2026-05-31 20:00:00+00:00,1.326,1.331,1.325,1.33,17803.8,2364586.915
2026-05-31 21:00:00+00:00,1.33,1.334,1.328,1.334,33614.71,4474423.339
2026-05-31 22:00:00+00:00,1.334,1.34,1.33,1.336,72667.44,9706741.592
2026-05-31 23:00:00+00:00,1.336,1.342,1.326,1.331,77179.42,10296417.223
2026-06-01 00:00:00+00:00,1.332,1.34,1.33,1.337,79981.12,10677393.641
2026-06-01 01:00:00+00:00,1.337,1.338,1.32,1.32,88864.5,11801879.032
2026-06-01 02:00:00+00:00,1.32,1.335,1.318,1.33,77169.61,10243399.746
2026-06-01 03:00:00+00:00,1.33,1.335,1.328,1.33,33797.96,4501487.026
2026-06-01 04:00:00+00:00,1.331,1.333,1.316,1.321,61252.46,8102452.878
2026-06-01 05:00:00+00:00,1.321,1.322,1.314,1.316,47157.24,6219127.444
2026-06-01 06:00:00+00:00,1.316,1.316,1.308,1.313,79245.96,10406356.46
2026-06-01 07:00:00+00:00,1.313,1.314,1.302,1.302,75595.38,9881097.257
2026-06-01 08:00:00+00:00,1.303,1.307,1.297,1.302,64705.63,8423552.513
2026-06-01 09:00:00+00:00,1.301,1.309,1.301,1.303,42429.7,5538371.795
2026-06-01 10:00:00+00:00,1.303,1.307,1.3,1.304,40217.41,5238420.626
2026-06-01 11:00:00+00:00,1.304,1.307,1.3,1.302,36329.19,4737600.498
2026-06-01 12:00:00+00:00,1.303,1.306,1.295,1.302,85350.77,11101059.239
2026-06-01 13:00:00+00:00,1.302,1.303,1.285,1.289,170981.23,22107106.989
2026-06-01 14:00:00+00:00,1.289,1.292,1.28,1.285,119003.7,15302736.615
2026-06-01 15:00:00+00:00,1.285,1.29,1.278,1.281,92834.91,11914314.883
2026-06-01 16:00:00+00:00,1.28,1.293,1.278,1.292,79403.76,10203534.882
2026-06-01 17:00:00+00:00,1.293,1.304,1.292,1.299,83061.32,10790690.989
2026-06-01 18:00:00+00:00,1.299,1.302,1.294,1.296,35898.5,4657462.938
2026-06-01 19:00:00+00:00,1.295,1.301,1.293,1.299,18668.3,2421782.265
2026-06-01 20:00:00+00:00,1.299,1.3,1.294,1.298,39674.21,5144845.45
2026-06-01 21:00:00+00:00,1.297,1.298,1.29,1.291,37191.79,4806263.0
2026-06-01 22:00:00+00:00,1.29,1.301,1.285,1.299,72600.91,9380004.363
2026-06-01 23:00:00+00:00,1.299,1.301,1.292,1.297,49977.44,6484265.908
2026-06-02 00:00:00+00:00,1.296,1.297,1.287,1.288,49114.96,6342672.116
2026-06-02 01:00:00+00:00,1.288,1.29,1.278,1.278,65392.31,8391760.215
2026-06-02 02:00:00+00:00,1.278,1.284,1.266,1.283,158140.44,20167908.738
2026-06-02 03:00:00+00:00,1.284,1.288,1.281,1.287,45403.03,5831884.006
2026-06-02 04:00:00+00:00,1.288,1.289,1.279,1.28,64583.68,8289160.609
2026-06-02 05:00:00+00:00,1.28,1.28,1.265,1.266,103965.66,13219280.09
2026-06-02 06:00:00+00:00,1.266,1.272,1.262,1.264,83408.6,10567333.674
2026-06-02 07:00:00+00:00,1.265,1.271,1.257,1.267,99628.35,12597943.994
2026-06-02 08:00:00+00:00,1.266,1.269,1.261,1.263,52544.26,6645188.06
2026-06-02 09:00:00+00:00,1.264,1.265,1.256,1.258,68790.41,8663680.086
2026-06-02 10:00:00+00:00,1.259,1.267,1.256,1.267,34146.51,4311375.489
2026-06-02 11:00:00+00:00,1.266,1.266,1.258,1.259,41553.1,5240190.538
2026-06-02 12:00:00+00:00,1.259,1.265,1.257,1.263,42102.6,5307866.202
2026-06-02 13:00:00+00:00,1.262,1.268,1.258,1.261,61683.3,7791302.009
2026-06-02 14:00:00+00:00,1.26,1.261,1.226,1.233,357478.96,44320770.088
2026-06-02 15:00:00+00:00,1.234,1.236,1.215,1.221,256276.76,31377583.219
2026-06-02 16:00:00+00:00,1.221,1.242,1.218,1.231,102097.19,12582997.059
2026-06-02 17:00:00+00:00,1.231,1.243,1.23,1.235,58101.26,7188199.377
2026-06-02 18:00:00+00:00,1.235,1.24,1.217,1.223,86170.74,10564065.293
2026-06-02 19:00:00+00:00,1.223,1.23,1.205,1.221,156261.53,18997531.638
2026-06-02 20:00:00+00:00,1.22,1.227,1.211,1.222,67264.03,8200084.778
2026-06-02 21:00:00+00:00,1.223,1.231,1.219,1.226,42967.48,5266369.502
2026-06-02 22:00:00+00:00,1.225,1.225,1.193,1.199,178997.59,21634305.298
2026-06-02 23:00:00+00:00,1.2,1.212,1.195,1.211,118570.66,14273761.041
2026-06-03 00:00:00+00:00,1.211,1.225,1.21,1.223,106285.22,12962538.435
2026-06-03 01:00:00+00:00,1.223,1.231,1.217,1.222,61531.68,7528415.79
2026-06-03 02:00:00+00:00,1.222,1.224,1.216,1.22,42989.15,5243870.779
2026-06-03 03:00:00+00:00,1.219,1.223,1.188,1.197,154340.83,18563913.502
2026-06-03 04:00:00+00:00,1.197,1.218,1.196,1.218,105243.4,12731698.618
2026-06-03 05:00:00+00:00,1.217,1.234,1.217,1.231,115016.44,14120968.219
2026-06-03 06:00:00+00:00,1.231,1.246,1.23,1.237,118760.81,14711174.656
2026-06-03 07:00:00+00:00,1.238,1.248,1.236,1.242,58195.39,7232400.174
2026-06-03 08:00:00+00:00,1.242,1.245,1.237,1.241,78679.5,9752975.424
2026-06-03 09:00:00+00:00,1.242,1.245,1.234,1.237,78405.57,9717236.759
2026-06-03 10:00:00+00:00,1.238,1.244,1.237,1.241,42544.92,5279211.943
2026-06-03 11:00:00+00:00,1.24,1.244,1.233,1.236,57153.42,7081863.6
2026-06-03 12:00:00+00:00,1.236,1.237,1.23,1.235,65979.39,8137918.734
2026-06-03 13:00:00+00:00,1.234,1.237,1.225,1.23,81490.17,10023879.711
2026-06-03 14:00:00+00:00,1.23,1.233,1.221,1.23,95162.8,11679570.725
2026-06-03 15:00:00+00:00,1.23,1.231,1.22,1.224,91020.06,11146027.419
2026-06-03 16:00:00+00:00,1.224,1.228,1.208,1.222,170715.22,20762561.137
2026-06-03 17:00:00+00:00,1.222,1.228,1.212,1.22,80224.46,9790337.479
2026-06-03 18:00:00+00:00,1.221,1.224,1.211,1.217,73443.81,8936503.418
2026-06-03 19:00:00+00:00,1.217,1.219,1.201,1.204,129652.99,15677850.218
2026-06-03 20:00:00+00:00,1.203,1.208,1.185,1.193,187574.84,22441105.576
2026-06-03 21:00:00+00:00,1.193,1.219,1.19,1.218,85505.88,10317323.805
2026-06-03 22:00:00+00:00,1.217,1.219,1.203,1.205,106231.48,12871200.663
2026-06-03 23:00:00+00:00,1.205,1.207,1.197,1.201,56359.4,6770849.218
2026-06-04 00:00:00+00:00,1.2,1.207,1.185,1.192,143979.08,17199581.029
2026-06-04 01:00:00+00:00,1.193,1.196,1.155,1.161,284939.45,33359279.054
2026-06-04 02:00:00+00:00,1.161,1.186,1.14,1.18,298529.5,34683601.671
2026-06-04 03:00:00+00:00,1.18,1.21,1.18,1.208,139858.75,16790177.005
2026-06-04 04:00:00+00:00,1.208,1.211,1.199,1.2,116909.53,14084839.931
2026-06-04 05:00:00+00:00,1.2,1.201,1.183,1.188,89602.3,10670090.004
2026-06-04 06:00:00+00:00,1.187,1.2,1.185,1.189,65816.61,7852979.737
2026-06-04 07:00:00+00:00,1.189,1.19,1.166,1.166,105861.37,12453502.528
2026-06-04 08:00:00+00:00,1.166,1.172,1.16,1.166,103996.54,12114467.353
2026-06-04 09:00:00+00:00,1.166,1.168,1.144,1.161,145477.98,16767825.353
2026-06-04 10:00:00+00:00,1.161,1.162,1.142,1.148,115361.14,13281907.289
2026-06-04 11:00:00+00:00,1.147,1.158,1.14,1.155,89059.31,10240869.864
2026-06-04 12:00:00+00:00,1.155,1.181,1.149,1.178,154011.9,17991388.153
2026-06-04 13:00:00+00:00,1.179,1.183,1.161,1.178,125483.11,14737795.675
2026-06-04 14:00:00+00:00,1.179,1.182,1.166,1.172,77540.41,9105591.601
2026-06-04 15:00:00+00:00,1.171,1.182,1.164,1.167,58268.33,6838790.461
2026-06-04 16:00:00+00:00,1.167,1.173,1.159,1.169,54458.46,6346197.31
2026-06-04 17:00:00+00:00,1.169,1.175,1.158,1.168,72578.24,8462179.562
2026-06-04 18:00:00+00:00,1.169,1.182,1.162,1.179,61170.0,7183060.428
2026-06-04 19:00:00+00:00,1.179,1.184,1.171,1.174,38478.82,4528618.081
2026-06-04 20:00:00+00:00,1.174,1.177,1.165,1.175,28158.34,3298011.955
2026-06-04 21:00:00+00:00,1.175,1.178,1.155,1.158,52147.91,6071718.262
2026-06-04 22:00:00+00:00,1.157,1.169,1.153,1.168,106887.83,12384280.219
2026-06-04 23:00:00+00:00,1.168,1.171,1.157,1.168,63490.36,7396288.424
2026-06-05 00:00:00+00:00,1.167,1.174,1.159,1.161,56469.68,6590741.975
2026-06-05 01:00:00+00:00,1.16,1.161,1.15,1.156,85445.84,9866680.098
2026-06-05 02:00:00+00:00,1.156,1.157,1.133,1.134,101405.47,11590652.514
2026-06-05 03:00:00+00:00,1.134,1.147,1.131,1.134,122127.81,13886504.338
2026-06-05 04:00:00+00:00,1.134,1.148,1.129,1.147,138875.81,15814595.607
2026-06-05 05:00:00+00:00,1.147,1.149,1.119,1.119,184573.24,20856323.326
2026-06-05 06:00:00+00:00,1.12,1.126,1.09,1.117,390844.31,43279183.034
2026-06-05 07:00:00+00:00,1.118,1.138,1.103,1.135,156090.1,17518110.309
2026-06-05 08:00:00+00:00,1.136,1.136,1.115,1.118,78907.9,8870204.711
2026-06-05 09:00:00+00:00,1.118,1.14,1.117,1.14,136104.92,15397279.485
2026-06-05 10:00:00+00:00,1.14,1.146,1.13,1.136,68004.67,7735387.174
2026-06-05 11:00:00+00:00,1.135,1.135,1.117,1.118,99363.48,11181112.51
2026-06-05 12:00:00+00:00,1.118,1.125,1.109,1.118,133947.87,14969787.212
2026-06-05 13:00:00+00:00,1.119,1.138,1.1,1.102,205841.99,23123831.592
2026-06-05 14:00:00+00:00,1.101,1.118,1.096,1.106,180545.9,19998293.545
2026-06-05 15:00:00+00:00,1.106,1.109,1.091,1.099,248723.96,27354267.238
2026-06-05 16:00:00+00:00,1.099,1.123,1.083,1.119,354397.0,39177071.582
2026-06-05 17:00:00+00:00,1.119,1.122,1.099,1.108,101336.19,11237140.504
2026-06-05 18:00:00+00:00,1.108,1.113,1.079,1.083,160756.47,17599061.423
2026-06-05 19:00:00+00:00,1.083,1.104,1.068,1.098,232341.3,25169882.455
2026-06-05 20:00:00+00:00,1.097,1.118,1.084,1.115,160477.36,17720350.818
2026-06-05 21:00:00+00:00,1.114,1.12,1.11,1.111,79391.26,8845591.602
2026-06-05 22:00:00+00:00,1.111,1.111,1.095,1.106,111773.3,12338681.935
2026-06-05 23:00:00+00:00,1.106,1.115,1.086,1.097,168516.46,18522494.239
2026-06-06 00:00:00+00:00,1.096,1.112,1.096,1.11,96566.73,10670562.538
2026-06-06 01:00:00+00:00,1.109,1.114,1.099,1.101,52047.94,5753890.049
2026-06-06 02:00:00+00:00,1.1,1.102,1.09,1.095,69217.75,7591083.877
2026-06-06 03:00:00+00:00,1.094,1.095,1.082,1.084,111678.07,12143500.018
2026-06-06 04:00:00+00:00,1.085,1.09,1.05,1.056,306484.19,32585908.249
2026-06-06 05:00:00+00:00,1.057,1.09,1.048,1.088,371911.4,39970259.078
2026-06-06 06:00:00+00:00,1.088,1.1,1.08,1.082,161046.53,17575860.618
2026-06-06 07:00:00+00:00,1.081,1.098,1.08,1.091,97672.12,10658954.864
2026-06-06 08:00:00+00:00,1.092,1.104,1.089,1.098,72260.88,7929336.308
2026-06-06 09:00:00+00:00,1.098,1.103,1.087,1.091,81564.57,8932569.467
2026-06-06 10:00:00+00:00,1.09,1.091,1.071,1.08,129330.73,13954542.955
2026-06-06 11:00:00+00:00,1.08,1.089,1.078,1.086,52428.3,5679911.148
2026-06-06 12:00:00+00:00,1.087,1.098,1.079,1.095,86390.77,9404865.457
2026-06-06 13:00:00+00:00,1.096,1.102,1.091,1.097,61965.78,6790354.354
2026-06-06 14:00:00+00:00,1.098,1.109,1.096,1.102,92964.32,10264346.489
2026-06-06 15:00:00+00:00,1.102,1.103,1.085,1.095,115952.39,12671421.716
2026-06-06 16:00:00+00:00,1.095,1.101,1.086,1.094,89157.35,9757975.442
2026-06-06 17:00:00+00:00,1.095,1.097,1.079,1.081,98270.54,10668452.135
2026-06-06 18:00:00+00:00,1.082,1.087,1.077,1.083,90533.45,9791002.91
2026-06-06 19:00:00+00:00,1.083,1.089,1.079,1.079,42702.34,4627177.779
2026-06-06 20:00:00+00:00,1.08,1.085,1.076,1.083,57529.56,6212638.552
2026-06-06 21:00:00+00:00,1.083,1.094,1.083,1.086,67973.78,7401544.376
2026-06-06 22:00:00+00:00,1.087,1.089,1.08,1.085,61191.79,6634080.048
2026-06-06 23:00:00+00:00,1.086,1.094,1.084,1.093,33562.34,3658571.343
2026-06-07 00:00:00+00:00,1.092,1.097,1.088,1.089,35484.85,3876123.628
2026-06-07 01:00:00+00:00,1.088,1.12,1.087,1.116,147819.2,16394029.595
2026-06-07 02:00:00+00:00,1.115,1.123,1.106,1.119,62907.62,7011160.861
2026-06-07 03:00:00+00:00,1.119,1.124,1.114,1.117,55428.11,6202920.311
2026-06-07 04:00:00+00:00,1.118,1.122,1.109,1.121,52716.89,5880614.983
2026-06-07 05:00:00+00:00,1.121,1.126,1.118,1.119,56977.92,6389405.752
2026-06-07 06:00:00+00:00,1.119,1.129,1.115,1.125,55883.53,6276568.506
2026-06-07 07:00:00+00:00,1.124,1.136,1.121,1.135,83474.21,9422851.988
2026-06-07 08:00:00+00:00,1.136,1.155,1.129,1.154,127910.63,14585394.567
2026-06-07 09:00:00+00:00,1.154,1.169,1.144,1.144,275368.4,31873569.197
2026-06-07 10:00:00+00:00,1.145,1.147,1.131,1.134,99454.68,11322009.364
2026-06-07 11:00:00+00:00,1.135,1.14,1.131,1.139,73882.15,8390051.458
2026-06-07 12:00:00+00:00,1.138,1.139,1.117,1.122,166005.95,18666791.333
2026-06-07 13:00:00+00:00,1.123,1.124,1.119,1.121,53566.45,6007455.7
2026-06-07 14:00:00+00:00,1.122,1.136,1.121,1.132,61845.08,6985794.195
2026-06-07 15:00:00+00:00,1.133,1.136,1.127,1.133,39977.48,4524420.297
2026-06-07 16:00:00+00:00,1.132,1.139,1.129,1.136,38968.35,4420641.158
2026-06-07 17:00:00+00:00,1.136,1.145,1.135,1.143,52289.11,5969017.947
2026-06-07 18:00:00+00:00,1.143,1.151,1.139,1.14,45512.73,5212120.45
2026-06-07 19:00:00+00:00,1.14,1.141,1.119,1.124,157684.0,17755939.205
2026-06-07 20:00:00+00:00,1.123,1.136,1.12,1.132,59879.34,6766292.198
2026-06-07 21:00:00+00:00,1.131,1.133,1.124,1.13,41838.6,4718745.511
2026-06-07 22:00:00+00:00,1.13,1.171,1.127,1.152,303547.06,35044368.861
2026-06-07 23:00:00+00:00,1.152,1.159,1.149,1.155,67518.16,7794550.999
2026-06-08 00:00:00+00:00,1.155,1.167,1.147,1.162,78982.28,9137188.035
2026-06-08 01:00:00+00:00,1.162,1.164,1.141,1.156,75812.0,8723613.937
2026-06-08 02:00:00+00:00,1.156,1.161,1.151,1.156,37783.06,4368771.601
2026-06-08 03:00:00+00:00,1.156,1.161,1.148,1.15,37180.31,4286451.383
2026-06-08 04:00:00+00:00,1.151,1.152,1.138,1.139,47694.53,5454293.464
2026-06-08 05:00:00+00:00,1.14,1.143,1.131,1.136,55614.67,6317777.952
2026-06-08 06:00:00+00:00,1.136,1.143,1.135,1.14,46535.56,5300208.718
2026-06-08 07:00:00+00:00,1.14,1.15,1.136,1.147,43946.86,5027003.239
2026-06-08 08:00:00+00:00,1.146,1.147,1.135,1.139,34107.34,3888040.845
2026-06-08 09:00:00+00:00,1.138,1.149,1.138,1.149,56509.56,6468689.756
2026-06-08 10:00:00+00:00,1.149,1.152,1.142,1.143,53602.08,6149782.31
2026-06-08 11:00:00+00:00,1.143,1.165,1.142,1.156,79849.62,9225712.589
2026-06-08 12:00:00+00:00,1.157,1.17,1.145,1.169,99404.95,11494931.932
2026-06-08 13:00:00+00:00,1.169,1.17,1.154,1.162,99566.85,11574591.238
2026-06-08 14:00:00+00:00,1.162,1.175,1.156,1.171,67804.78,7898754.057
2026-06-08 15:00:00+00:00,1.172,1.184,1.167,1.169,92843.39,10904404.636
2026-06-08 16:00:00+00:00,1.169,1.177,1.163,1.164,40516.86,4738265.688
2026-06-08 17:00:00+00:00,1.164,1.172,1.157,1.172,54005.26,6276910.776
2026-06-08 18:00:00+00:00,1.172,1.179,1.17,1.174,57357.47,6740167.505
2026-06-08 19:00:00+00:00,1.173,1.186,1.172,1.179,87093.47,10268756.72
2026-06-08 20:00:00+00:00,1.179,1.181,1.167,1.176,58197.34,6832592.715
2026-06-08 21:00:00+00:00,1.177,1.185,1.176,1.179,54253.87,6409152.363
2026-06-08 22:00:00+00:00,1.179,1.179,1.17,1.177,58757.65,6900299.693
2026-06-08 23:00:00+00:00,1.176,1.181,1.165,1.167,39351.34,4609003.685
2026-06-09 00:00:00+00:00,1.167,1.171,1.15,1.152,143136.41,16559323.295
2026-06-09 01:00:00+00:00,1.151,1.157,1.148,1.151,60847.18,7013313.398
2026-06-09 02:00:00+00:00,1.15,1.154,1.142,1.152,47264.17,5423668.146
2026-06-09 03:00:00+00:00,1.152,1.156,1.149,1.154,33315.32,3839687.354
2026-06-09 04:00:00+00:00,1.153,1.172,1.149,1.165,104526.67,12154455.217
2026-06-09 05:00:00+00:00,1.166,1.176,1.161,1.172,45733.02,5344085.249
2026-06-09 06:00:00+00:00,1.173,1.176,1.17,1.172,43924.03,5149670.515
2026-06-09 07:00:00+00:00,1.172,1.176,1.165,1.17,58137.01,6805520.117
2026-06-09 08:00:00+00:00,1.17,1.171,1.163,1.166,54580.25,6367935.229
2026-06-09 09:00:00+00:00,1.166,1.17,1.157,1.158,49858.27,5795688.829
2026-06-09 10:00:00+00:00,1.158,1.161,1.154,1.158,52624.19,6088543.21
2026-06-09 11:00:00+00:00,1.159,1.159,1.151,1.155,29741.87,3431185.593
2026-06-09 12:00:00+00:00,1.154,1.163,1.153,1.162,58916.86,6830105.716
2026-06-09 13:00:00+00:00,1.162,1.166,1.153,1.156,69802.58,8089217.933
2026-06-09 14:00:00+00:00,1.156,1.16,1.129,1.137,208861.21,23815479.022
2026-06-09 15:00:00+00:00,1.137,1.142,1.126,1.126,171362.62,19445367.553
2026-06-09 16:00:00+00:00,1.126,1.131,1.118,1.128,184990.43,20819606.373
2026-06-09 17:00:00+00:00,1.127,1.147,1.127,1.137,128665.39,14637164.65
2026-06-09 18:00:00+00:00,1.137,1.146,1.135,1.138,65355.93,7442816.222
2026-06-09 19:00:00+00:00,1.138,1.145,1.135,1.139,71712.23,8178173.214
2026-06-09 20:00:00+00:00,1.139,1.145,1.138,1.143,41090.27,4686967.812
2026-06-09 21:00:00+00:00,1.143,1.144,1.134,1.136,49876.73,5675862.433
2026-06-09 22:00:00+00:00,1.136,1.141,1.132,1.135,37999.1,4318256.515
2026-06-09 23:00:00+00:00,1.135,1.139,1.133,1.136,33029.68,3750701.09
2026-06-10 00:00:00+00:00,1.137,1.141,1.126,1.137,52646.38,5964827.927
2026-06-10 01:00:00+00:00,1.137,1.137,1.126,1.129,49540.89,5602857.846
2026-06-10 02:00:00+00:00,1.129,1.131,1.114,1.117,71730.21,8032255.299
2026-06-10 03:00:00+00:00,1.116,1.123,1.116,1.119,36777.66,4117220.354
2026-06-10 04:00:00+00:00,1.118,1.122,1.112,1.116,37259.97,4161204.424
2026-06-10 05:00:00+00:00,1.116,1.117,1.108,1.112,46031.55,5118145.731
2026-06-10 06:00:00+00:00,1.112,1.114,1.105,1.11,45735.75,5078500.84
2026-06-10 07:00:00+00:00,1.11,1.119,1.11,1.115,46489.49,5186386.683
2026-06-10 08:00:00+00:00,1.115,1.116,1.104,1.106,106039.66,11749612.649
2026-06-10 09:00:00+00:00,1.107,1.11,1.1,1.108,72905.1,8051439.927
2026-06-10 10:00:00+00:00,1.109,1.111,1.104,1.109,37204.73,4123158.729
2026-06-10 11:00:00+00:00,1.11,1.111,1.1,1.103,115239.39,12728253.298
2026-06-10 12:00:00+00:00,1.103,1.124,1.101,1.116,142073.77,15816829.351
2026-06-10 13:00:00+00:00,1.116,1.137,1.115,1.129,144381.25,16249544.292
2026-06-10 14:00:00+00:00,1.13,1.13,1.116,1.124,84114.47,9446764.582
2026-06-10 15:00:00+00:00,1.124,1.133,1.117,1.127,96993.69,10912374.87
2026-06-10 16:00:00+00:00,1.128,1.129,1.107,1.114,89416.88,10004419.49
2026-06-10 17:00:00+00:00,1.114,1.118,1.102,1.11,68435.37,7589653.901
2026-06-10 18:00:00+00:00,1.109,1.11,1.098,1.106,64287.35,7096473.039
2026-06-10 19:00:00+00:00,1.106,1.107,1.094,1.097,70448.27,7741831.928
2026-06-10 20:00:00+00:00,1.097,1.103,1.093,1.098,50072.73,5496966.607
2026-06-10 21:00:00+00:00,1.098,1.098,1.087,1.091,58483.17,6387273.504
2026-06-10 22:00:00+00:00,1.092,1.099,1.089,1.094,62457.85,6824784.293
2026-06-10 23:00:00+00:00,1.093,1.099,1.088,1.096,48287.37,5285024.313
2026-06-11 00:00:00+00:00,1.096,1.103,1.095,1.101,51045.76,5612865.481
2026-06-11 01:00:00+00:00,1.1,1.12,1.1,1.115,137722.69,15314417.281
2026-06-11 02:00:00+00:00,1.115,1.117,1.104,1.108,37047.14,4112469.35
2026-06-11 03:00:00+00:00,1.108,1.122,1.105,1.118,78143.76,8712173.932
2026-06-11 04:00:00+00:00,1.118,1.121,1.113,1.118,47232.26,5276458.117
2026-06-11 05:00:00+00:00,1.118,1.119,1.113,1.114,27827.37,3104943.963
2026-06-11 06:00:00+00:00,1.113,1.121,1.111,1.114,49154.57,5482970.017
2026-06-11 07:00:00+00:00,1.113,1.117,1.111,1.114,25913.98,2886710.382
2026-06-11 08:00:00+00:00,1.114,1.123,1.114,1.12,40064.74,4488175.384
2026-06-11 09:00:00+00:00,1.121,1.121,1.115,1.117,28944.73,3234784.603
2026-06-11 10:00:00+00:00,1.116,1.125,1.113,1.12,146777.93,16425865.251
2026-06-11 11:00:00+00:00,1.121,1.125,1.118,1.121,42568.72,4771254.547
2026-06-11 12:00:00+00:00,1.121,1.122,1.107,1.113,120865.29,13459470.431
2026-06-11 13:00:00+00:00,1.113,1.12,1.107,1.116,60271.64,6714052.323
2026-06-11 14:00:00+00:00,1.116,1.118,1.11,1.112,39340.06,4383153.933
2026-06-11 15:00:00+00:00,1.112,1.118,1.106,1.112,77875.44,8652237.944
2026-06-11 16:00:00+00:00,1.112,1.115,1.105,1.108,44596.35,4947917.673
2026-06-11 17:00:00+00:00,1.107,1.143,1.103,1.139,204605.97,23021900.22
2026-06-11 18:00:00+00:00,1.138,1.145,1.132,1.136,82026.84,9334799.698
2026-06-11 19:00:00+00:00,1.136,1.15,1.133,1.143,71890.28,8208297.257
2026-06-11 20:00:00+00:00,1.143,1.143,1.131,1.135,71512.98,8124161.416
2026-06-11 21:00:00+00:00,1.135,1.142,1.134,1.14,41378.05,4710095.182
2026-06-11 22:00:00+00:00,1.14,1.146,1.138,1.142,49035.5,5598448.499
2026-06-11 23:00:00+00:00,1.142,1.144,1.137,1.142,48590.7,5541700.353
2026-06-12 00:00:00+00:00,1.142,1.145,1.137,1.141,40988.65,4677385.286
2026-06-12 01:00:00+00:00,1.142,1.142,1.134,1.139,30238.86,3440597.604
2026-06-12 02:00:00+00:00,1.139,1.149,1.138,1.145,29916.04,3425282.43
2026-06-12 03:00:00+00:00,1.146,1.146,1.139,1.143,27299.46,3119522.182
2026-06-12 04:00:00+00:00,1.144,1.15,1.141,1.145,37246.27,4268704.093
2026-06-12 05:00:00+00:00,1.146,1.146,1.137,1.139,36733.2,4190312.235
2026-06-12 06:00:00+00:00,1.139,1.141,1.126,1.128,77737.68,8799937.961
2026-06-12 07:00:00+00:00,1.128,1.136,1.128,1.133,47250.2,5349230.496
2026-06-12 08:00:00+00:00,1.133,1.144,1.132,1.141,58267.9,6640174.744
2026-06-12 09:00:00+00:00,1.142,1.151,1.138,1.145,54610.14,6259362.389
2026-06-12 10:00:00+00:00,1.146,1.148,1.139,1.142,30114.79,3444148.852
2026-06-12 11:00:00+00:00,1.142,1.145,1.139,1.141,21925.57,2504608.493
2026-06-12 12:00:00+00:00,1.141,1.142,1.133,1.135,48636.93,5528411.624
2026-06-12 13:00:00+00:00,1.135,1.136,1.125,1.13,96427.05,10904905.418
2026-06-12 14:00:00+00:00,1.129,1.151,1.128,1.147,119810.77,13646281.405
2026-06-12 15:00:00+00:00,1.148,1.157,1.126,1.128,157558.81,17998492.779
2026-06-12 16:00:00+00:00,1.128,1.136,1.125,1.135,104472.15,11818466.214
2026-06-12 17:00:00+00:00,1.134,1.139,1.129,1.132,42915.59,4863643.373
2026-06-12 18:00:00+00:00,1.132,1.134,1.127,1.13,35819.0,4049326.021
2026-06-12 19:00:00+00:00,1.13,1.136,1.129,1.131,35560.38,4025374.831
2026-06-12 20:00:00+00:00,1.13,1.135,1.129,1.132,34024.14,3848489.85
2026-06-12 21:00:00+00:00,1.132,1.134,1.128,1.129,24059.06,2723000.588
2026-06-12 22:00:00+00:00,1.129,1.131,1.126,1.13,29878.38,3370995.231
2026-06-12 23:00:00+00:00,1.13,1.132,1.127,1.132,18165.31,2051646.442
2026-06-13 00:00:00+00:00,1.131,1.135,1.13,1.133,27902.68,3159588.606
2026-06-13 01:00:00+00:00,1.133,1.14,1.133,1.139,38702.58,4400121.041
2026-06-13 02:00:00+00:00,1.138,1.139,1.132,1.134,29948.78,3398194.137
2026-06-13 03:00:00+00:00,1.133,1.136,1.13,1.132,27865.12,3156227.166
2026-06-13 04:00:00+00:00,1.133,1.137,1.131,1.132,20888.65,2368100.304
2026-06-13 05:00:00+00:00,1.132,1.133,1.128,1.131,22397.8,2533758.416
2026-06-13 06:00:00+00:00,1.131,1.138,1.13,1.136,22496.27,2549514.687
2026-06-13 07:00:00+00:00,1.136,1.144,1.134,1.14,98399.16,11214882.223
2026-06-13 08:00:00+00:00,1.14,1.146,1.139,1.143,49181.72,5619436.852
2026-06-13 09:00:00+00:00,1.142,1.145,1.141,1.143,23159.62,2646094.386
2026-06-13 10:00:00+00:00,1.143,1.146,1.141,1.144,20836.99,2383365.499
2026-06-13 11:00:00+00:00,1.144,1.149,1.143,1.148,30422.49,3488504.337
2026-06-13 12:00:00+00:00,1.148,1.155,1.145,1.153,42866.78,4929210.212
2026-06-13 13:00:00+00:00,1.153,1.154,1.149,1.15,56270.42,6479562.217
2026-06-13 14:00:00+00:00,1.15,1.157,1.15,1.154,32365.75,3733370.46
2026-06-13 15:00:00+00:00,1.155,1.16,1.151,1.156,45285.23,5234086.653
2026-06-13 16:00:00+00:00,1.155,1.156,1.143,1.147,88454.05,10160872.129
2026-06-13 17:00:00+00:00,1.147,1.149,1.141,1.144,51830.22,5935301.404
2026-06-13 18:00:00+00:00,1.144,1.148,1.143,1.146,26136.97,2992476.424
2026-06-13 19:00:00+00:00,1.146,1.148,1.143,1.147,19367.17,2218290.933
2026-06-13 20:00:00+00:00,1.147,1.147,1.144,1.145,14158.85,1621626.006
2026-06-13 21:00:00+00:00,1.145,1.156,1.143,1.151,51720.09,5949742.894
2026-06-13 22:00:00+00:00,1.152,1.153,1.148,1.148,33721.36,3877901.399
2026-06-13 23:00:00+00:00,1.149,1.152,1.148,1.149,13366.35,1537085.619
2026-06-14 00:00:00+00:00,1.15,1.15,1.147,1.149,28190.55,3237752.44
2026-06-14 01:00:00+00:00,1.148,1.156,1.147,1.151,29926.3,3448148.026
2026-06-14 02:00:00+00:00,1.152,1.155,1.15,1.15,16655.76,1918814.661
2026-06-14 03:00:00+00:00,1.151,1.154,1.149,1.152,25000.36,2878035.522
2026-06-14 04:00:00+00:00,1.152,1.154,1.145,1.147,26988.98,3099234.633
2026-06-14 05:00:00+00:00,1.147,1.15,1.143,1.146,35414.46,4060029.604
2026-06-14 06:00:00+00:00,1.147,1.153,1.144,1.146,44528.54,5114624.529
2026-06-14 07:00:00+00:00,1.145,1.146,1.141,1.146,49889.32,5706437.115
2026-06-14 08:00:00+00:00,1.146,1.147,1.143,1.145,35334.4,4046786.746
2026-06-14 09:00:00+00:00,1.145,1.148,1.14,1.148,31069.14,3552503.968
2026-06-14 10:00:00+00:00,1.148,1.148,1.142,1.143,16165.64,1851788.448
2026-06-14 11:00:00+00:00,1.142,1.145,1.14,1.143,28252.37,3228171.973
2026-06-14 12:00:00+00:00,1.142,1.144,1.136,1.137,22822.12,2598659.726
2026-06-14 13:00:00+00:00,1.136,1.139,1.132,1.134,58764.52,6670246.474
2026-06-14 14:00:00+00:00,1.134,1.136,1.125,1.131,78157.31,8830168.007
2026-06-14 15:00:00+00:00,1.131,1.135,1.13,1.133,43140.48,4885969.745
2026-06-14 16:00:00+00:00,1.133,1.138,1.133,1.136,38138.24,4331843.415
2026-06-14 17:00:00+00:00,1.136,1.138,1.131,1.133,32079.19,3640136.181
2026-06-14 18:00:00+00:00,1.133,1.135,1.129,1.132,33612.59,3803519.672
2026-06-14 19:00:00+00:00,1.131,1.135,1.129,1.132,24846.72,2812831.477
2026-06-14 20:00:00+00:00,1.132,1.14,1.131,1.137,29851.57,3388751.306
2026-06-14 21:00:00+00:00,1.137,1.175,1.136,1.167,217802.04,25281463.639
2026-06-14 22:00:00+00:00,1.168,1.177,1.161,1.172,128127.89,14989670.717
2026-06-14 23:00:00+00:00,1.173,1.187,1.167,1.185,89091.67,10491373.174
2026-06-15 00:00:00+00:00,1.184,1.188,1.179,1.183,76031.17,8995684.762
2026-06-15 01:00:00+00:00,1.184,1.191,1.177,1.181,66075.61,7816259.977
2026-06-15 02:00:00+00:00,1.182,1.193,1.179,1.182,51306.25,6084627.465
2026-06-15 03:00:00+00:00,1.182,1.191,1.18,1.185,49829.17,5908779.523
2026-06-15 04:00:00+00:00,1.186,1.188,1.181,1.182,26345.77,3120295.333
2026-06-15 05:00:00+00:00,1.182,1.187,1.18,1.183,54845.32,6487555.993
2026-06-15 06:00:00+00:00,1.182,1.186,1.18,1.181,44718.97,5289992.571
2026-06-15 07:00:00+00:00,1.182,1.186,1.178,1.181,47633.09,5629255.101
2026-06-15 08:00:00+00:00,1.181,1.183,1.178,1.18,34087.88,4023142.592
2026-06-15 09:00:00+00:00,1.18,1.187,1.178,1.184,57301.29,6776848.749
2026-06-15 10:00:00+00:00,1.184,1.199,1.183,1.198,90722.14,10803576.998
2026-06-15 11:00:00+00:00,1.198,1.233,1.194,1.232,324743.6,39453488.459
2026-06-15 12:00:00+00:00,1.231,1.248,1.225,1.237,242752.14,30017354.015
2026-06-15 13:00:00+00:00,1.238,1.249,1.232,1.238,210970.61,26164552.703
2026-06-15 14:00:00+00:00,1.238,1.247,1.233,1.243,113590.22,14073465.327
2026-06-15 15:00:00+00:00,1.243,1.27,1.243,1.268,250727.36,31581755.76
2026-06-15 16:00:00+00:00,1.268,1.292,1.257,1.279,292219.61,37196442.52
2026-06-15 17:00:00+00:00,1.279,1.287,1.268,1.282,185666.88,23701942.769
2026-06-15 18:00:00+00:00,1.282,1.288,1.273,1.28,84807.66,10864877.19
2026-06-15 19:00:00+00:00,1.281,1.291,1.266,1.275,176531.09,22531365.002
2026-06-15 20:00:00+00:00,1.275,1.278,1.262,1.264,91768.64,11653280.531
2026-06-15 21:00:00+00:00,1.264,1.265,1.248,1.25,126532.65,15869512.148
2026-06-15 22:00:00+00:00,1.25,1.255,1.236,1.24,112650.48,14009164.883
2026-06-15 23:00:00+00:00,1.239,1.242,1.232,1.238,68053.2,8421366.138
2026-06-16 00:00:00+00:00,1.238,1.242,1.232,1.233,77147.32,9546624.749
2026-06-16 01:00:00+00:00,1.233,1.238,1.227,1.228,51036.11,6284583.717
2026-06-16 02:00:00+00:00,1.227,1.229,1.213,1.218,103421.11,12622402.93
2026-06-16 03:00:00+00:00,1.217,1.227,1.215,1.226,57874.95,7074034.863
2026-06-16 04:00:00+00:00,1.226,1.23,1.22,1.221,51163.32,6266348.754
2026-06-16 05:00:00+00:00,1.221,1.227,1.221,1.224,40493.67,4960659.264
2026-06-16 06:00:00+00:00,1.224,1.236,1.224,1.234,67759.02,8341493.698
2026-06-16 07:00:00+00:00,1.234,1.238,1.228,1.234,43147.12,5316766.267
2026-06-16 08:00:00+00:00,1.234,1.251,1.231,1.246,78909.65,9788097.831
2026-06-16 09:00:00+00:00,1.246,1.247,1.235,1.238,56216.63,6970497.84
2026-06-16 10:00:00+00:00,1.238,1.242,1.235,1.238,41796.44,5178915.135
2026-06-16 11:00:00+00:00,1.238,1.242,1.232,1.237,52867.78,6535025.922
2026-06-16 12:00:00+00:00,1.236,1.255,1.235,1.244,73242.67,9117950.559
2026-06-16 13:00:00+00:00,1.243,1.245,1.223,1.225,135214.6,16647473.687
2026-06-16 14:00:00+00:00,1.225,1.23,1.204,1.209,195768.88,23776843.076
2026-06-16 15:00:00+00:00,1.209,1.217,1.206,1.209,86889.38,10524721.489
2026-06-16 16:00:00+00:00,1.208,1.214,1.207,1.212,44324.23,5368083.689
2026-06-16 17:00:00+00:00,1.212,1.222,1.21,1.22,86654.17,10547353.723
2026-06-16 18:00:00+00:00,1.22,1.23,1.219,1.226,63815.89,7824111.539
2026-06-16 19:00:00+00:00,1.226,1.226,1.216,1.219,55343.71,6753319.833
2026-06-16 20:00:00+00:00,1.219,1.224,1.215,1.222,33041.13,4028748.231
2026-06-16 21:00:00+00:00,1.222,1.225,1.214,1.218,46172.54,5626728.977
2026-06-16 22:00:00+00:00,1.219,1.221,1.215,1.22,25434.71,3098986.869
2026-06-16 23:00:00+00:00,1.22,1.223,1.215,1.217,21587.17,2629720.118
2026-06-17 00:00:00+00:00,1.216,1.219,1.212,1.214,36264.21,4408288.974
2026-06-17 01:00:00+00:00,1.215,1.222,1.207,1.22,43359.94,5258866.048
2026-06-17 02:00:00+00:00,1.221,1.227,1.214,1.219,35900.36,4381192.64
2026-06-17 03:00:00+00:00,1.219,1.219,1.211,1.215,38448.58,4667242.23
2026-06-17 04:00:00+00:00,1.216,1.221,1.213,1.217,36006.02,4380267.696
2026-06-17 05:00:00+00:00,1.216,1.222,1.213,1.216,27075.35,3295075.478
2026-06-17 06:00:00+00:00,1.217,1.22,1.208,1.21,46037.23,5580201.848
2026-06-17 07:00:00+00:00,1.21,1.215,1.204,1.209,82877.42,10020012.145
2026-06-17 08:00:00+00:00,1.209,1.21,1.194,1.195,120750.64,14500555.422
2026-06-17 09:00:00+00:00,1.195,1.199,1.193,1.197,46641.51,5578426.225
2026-06-17 10:00:00+00:00,1.197,1.198,1.193,1.195,51291.01,6133044.556
2026-06-17 11:00:00+00:00,1.196,1.197,1.187,1.191,94071.98,11198434.895
2026-06-17 12:00:00+00:00,1.192,1.198,1.188,1.196,63687.23,7599796.222
2026-06-17 13:00:00+00:00,1.196,1.206,1.195,1.2,77935.02,9353090.755
2026-06-17 14:00:00+00:00,1.199,1.203,1.187,1.193,78259.89,9350917.138
2026-06-17 15:00:00+00:00,1.194,1.213,1.192,1.213,64832.6,7802266.566
2026-06-17 16:00:00+00:00,1.212,1.224,1.21,1.211,80343.67,9772728.565
2026-06-17 17:00:00+00:00,1.212,1.218,1.207,1.217,55062.7,6669956.317
2026-06-17 18:00:00+00:00,1.216,1.219,1.192,1.208,225680.08,27200172.142
2026-06-17 19:00:00+00:00,1.208,1.212,1.175,1.179,236885.11,28118257.361
2026-06-17 20:00:00+00:00,1.179,1.19,1.177,1.189,72102.22,8521679.361
2026-06-17 21:00:00+00:00,1.189,1.19,1.178,1.182,58697.42,6954683.849
2026-06-17 22:00:00+00:00,1.181,1.188,1.17,1.183,72225.95,8511274.108
2026-06-17 23:00:00+00:00,1.184,1.188,1.182,1.185,25010.9,2964834.082
2026-06-18 00:00:00+00:00,1.185,1.191,1.184,1.186,28150.65,3343020.745
2026-06-18 01:00:00+00:00,1.187,1.192,1.184,1.187,32690.02,3886676.203
2026-06-18 02:00:00+00:00,1.187,1.191,1.187,1.188,26127.43,3106272.278
2026-06-18 03:00:00+00:00,1.189,1.189,1.177,1.177,54283.92,6412976.238
2026-06-18 04:00:00+00:00,1.178,1.178,1.166,1.169,84991.31,9956365.194
2026-06-18 05:00:00+00:00,1.168,1.168,1.161,1.167,70770.27,8241814.933
2026-06-18 06:00:00+00:00,1.167,1.171,1.162,1.17,45667.39,5327531.647
2026-06-18 07:00:00+00:00,1.169,1.18,1.167,1.177,61451.12,7222936.025
2026-06-18 08:00:00+00:00,1.178,1.18,1.175,1.177,46469.07,5472915.158
2026-06-18 09:00:00+00:00,1.177,1.182,1.175,1.177,39571.63,4661466.7
2026-06-18 10:00:00+00:00,1.177,1.178,1.166,1.169,66402.66,7769010.781
2026-06-18 11:00:00+00:00,1.169,1.17,1.16,1.163,76506.99,8904628.986
2026-06-18 12:00:00+00:00,1.164,1.17,1.162,1.168,60060.45,7003069.057
2026-06-18 13:00:00+00:00,1.168,1.172,1.154,1.161,128888.15,14978946.755
2026-06-18 14:00:00+00:00,1.16,1.169,1.153,1.159,91371.06,10595603.147
2026-06-18 15:00:00+00:00,1.159,1.16,1.132,1.136,246467.57,28190607.272
2026-06-18 16:00:00+00:00,1.136,1.148,1.135,1.146,85847.83,9798811.855
2026-06-18 17:00:00+00:00,1.147,1.148,1.137,1.143,68401.3,7815742.079
2026-06-18 18:00:00+00:00,1.143,1.146,1.135,1.138,39094.98,4456849.155
2026-06-18 19:00:00+00:00,1.137,1.146,1.134,1.142,48406.26,5514952.727
2026-06-18 20:00:00+00:00,1.142,1.154,1.142,1.152,49580.64,5701076.037
2026-06-18 21:00:00+00:00,1.152,1.152,1.141,1.144,23554.75,2697270.521
2026-06-18 22:00:00+00:00,1.144,1.148,1.141,1.146,67991.96,7780958.633
2026-06-18 23:00:00+00:00,1.146,1.147,1.142,1.146,23235.48,2658627.821
2026-06-19 00:00:00+00:00,1.146,1.15,1.142,1.148,39990.87,4583209.335
2026-06-19 01:00:00+00:00,1.149,1.152,1.143,1.15,32815.13,3769138.358
2026-06-19 02:00:00+00:00,1.15,1.153,1.144,1.148,25363.3,2912794.766
2026-06-19 03:00:00+00:00,1.147,1.15,1.135,1.139,114525.62,13062305.765
2026-06-19 04:00:00+00:00,1.139,1.14,1.124,1.127,115397.67,13044674.116
2026-06-19 05:00:00+00:00,1.127,1.133,1.126,1.133,49171.82,5553652.042
2026-06-19 06:00:00+00:00,1.132,1.136,1.128,1.133,41538.26,4699492.845
2026-06-19 07:00:00+00:00,1.133,1.133,1.12,1.125,74380.31,8367657.98
2026-06-19 08:00:00+00:00,1.124,1.131,1.123,1.125,63002.18,7098616.88
2026-06-19 09:00:00+00:00,1.126,1.128,1.121,1.124,31837.07,3578878.572
2026-06-19 10:00:00+00:00,1.124,1.127,1.12,1.125,25905.34,2910322.924
2026-06-19 11:00:00+00:00,1.125,1.129,1.121,1.127,39892.19,4490200.329
2026-06-19 12:00:00+00:00,1.127,1.132,1.118,1.13,68173.08,7670207.441
2026-06-19 13:00:00+00:00,1.13,1.143,1.128,1.138,70207.5,7968589.246
2026-06-19 14:00:00+00:00,1.139,1.141,1.133,1.136,45700.34,5197496.693
2026-06-19 15:00:00+00:00,1.136,1.137,1.131,1.136,30177.08,3421605.043
2026-06-19 16:00:00+00:00,1.135,1.138,1.128,1.129,45352.97,5142096.66
2026-06-19 17:00:00+00:00,1.13,1.138,1.127,1.135,36654.23,4154548.864
2026-06-19 18:00:00+00:00,1.136,1.136,1.128,1.131,30874.41,3491833.396
2026-06-19 19:00:00+00:00,1.131,1.133,1.127,1.13,18602.31,2101356.013
2026-06-19 20:00:00+00:00,1.13,1.135,1.126,1.133,32442.14,3666211.064
2026-06-19 21:00:00+00:00,1.134,1.134,1.128,1.129,17133.82,1937084.532
2026-06-19 22:00:00+00:00,1.129,1.135,1.128,1.133,35091.88,3971167.372
2026-06-19 23:00:00+00:00,1.133,1.138,1.131,1.135,36157.07,4101211.659
2026-06-20 00:00:00+00:00,1.134,1.142,1.134,1.136,50443.67,5740215.409
2026-06-20 01:00:00+00:00,1.136,1.142,1.135,1.141,41887.28,4765799.75
2026-06-20 02:00:00+00:00,1.141,1.141,1.135,1.138,31826.17,3621623.885
2026-06-20 03:00:00+00:00,1.137,1.14,1.136,1.138,25179.29,2865166.261
2026-06-20 04:00:00+00:00,1.138,1.145,1.137,1.144,49758.89,5681169.482
2026-06-20 05:00:00+00:00,1.144,1.154,1.141,1.146,76277.95,8757015.154
2026-06-20 06:00:00+00:00,1.147,1.151,1.146,1.148,30603.86,3515059.591
2026-06-20 07:00:00+00:00,1.148,1.149,1.144,1.146,44745.72,5129953.614
2026-06-20 08:00:00+00:00,1.146,1.147,1.143,1.145,32111.32,3677897.246
2026-06-20 09:00:00+00:00,1.146,1.152,1.145,1.152,25695.16,2950987.653
2026-06-20 10:00:00+00:00,1.152,1.152,1.146,1.149,32909.93,3781921.805
2026-06-20 11:00:00+00:00,1.148,1.149,1.145,1.146,18842.36,2161478.679
2026-06-20 12:00:00+00:00,1.147,1.149,1.144,1.145,35232.97,4038597.32
2026-06-20 13:00:00+00:00,1.145,1.146,1.137,1.14,42332.81,4829701.146
2026-06-20 14:00:00+00:00,1.139,1.152,1.133,1.146,97484.0,11122595.538
2026-06-20 15:00:00+00:00,1.146,1.155,1.143,1.149,73781.47,8480025.41
2026-06-20 16:00:00+00:00,1.15,1.15,1.143,1.149,42463.33,4868264.824
2026-06-20 17:00:00+00:00,1.148,1.148,1.138,1.143,44666.35,5102050.286
2026-06-20 18:00:00+00:00,1.142,1.146,1.14,1.14,24839.41,2838264.172
2026-06-20 19:00:00+00:00,1.14,1.144,1.138,1.142,17926.44,2045072.297
2026-06-20 20:00:00+00:00,1.143,1.146,1.142,1.145,21908.86,2506674.862
2026-06-20 21:00:00+00:00,1.144,1.149,1.143,1.147,20975.69,2404389.69
2026-06-20 22:00:00+00:00,1.147,1.155,1.146,1.152,46543.31,5357348.204
2026-06-20 23:00:00+00:00,1.151,1.153,1.148,1.149,11199.87,1289297.496
2026-06-21 00:00:00+00:00,1.15,1.15,1.147,1.149,21834.2,2507600.401
2026-06-21 01:00:00+00:00,1.148,1.149,1.146,1.148,17228.23,1977364.772
2026-06-21 02:00:00+00:00,1.149,1.149,1.146,1.146,8128.76,932744.928
2026-06-21 03:00:00+00:00,1.147,1.151,1.145,1.149,26344.14,3025018.749
2026-06-21 04:00:00+00:00,1.149,1.152,1.143,1.145,30105.68,3455086.323
2026-06-21 05:00:00+00:00,1.145,1.145,1.142,1.144,33425.99,3823474.22
2026-06-21 06:00:00+00:00,1.144,1.147,1.143,1.146,13396.93,1533732.321
2026-06-21 07:00:00+00:00,1.147,1.15,1.145,1.147,23878.27,2739490.844
2026-06-21 08:00:00+00:00,1.147,1.147,1.14,1.144,20755.71,2373407.623
2026-06-21 09:00:00+00:00,1.143,1.15,1.143,1.149,19763.74,2264870.699
2026-06-21 10:00:00+00:00,1.149,1.153,1.147,1.148,48890.79,5621774.263
2026-06-21 11:00:00+00:00,1.148,1.15,1.14,1.141,73752.4,8438427.082
2026-06-21 12:00:00+00:00,1.141,1.144,1.138,1.144,68830.17,7851893.567
2026-06-21 13:00:00+00:00,1.143,1.146,1.14,1.144,34804.63,3978442.217
2026-06-21 14:00:00+00:00,1.144,1.147,1.14,1.147,32756.97,3743679.498
2026-06-21 15:00:00+00:00,1.146,1.151,1.145,1.148,61959.13,7114609.522
2026-06-21 16:00:00+00:00,1.148,1.149,1.14,1.144,44407.38,5084128.267
2026-06-21 17:00:00+00:00,1.143,1.146,1.139,1.141,39263.69,4485554.923
2026-06-21 18:00:00+00:00,1.141,1.146,1.137,1.145,51451.61,5872586.78
2026-06-21 19:00:00+00:00,1.144,1.147,1.143,1.144,30027.57,3437475.839
2026-06-21 20:00:00+00:00,1.145,1.146,1.135,1.139,55462.89,6318539.903
2026-06-21 21:00:00+00:00,1.138,1.139,1.12,1.134,210699.13,23778476.864
2026-06-21 22:00:00+00:00,1.134,1.136,1.126,1.131,75585.34,8548570.474
2026-06-21 23:00:00+00:00,1.131,1.131,1.122,1.123,82388.98,9279427.577
2026-06-22 00:00:00+00:00,1.124,1.14,1.123,1.138,64687.98,7332264.014
2026-06-22 01:00:00+00:00,1.139,1.152,1.133,1.145,86661.81,9914146.185
2026-06-22 02:00:00+00:00,1.145,1.146,1.135,1.136,37184.77,4241256.963
2026-06-22 03:00:00+00:00,1.135,1.138,1.127,1.13,44219.3,5007528.586
2026-06-22 04:00:00+00:00,1.129,1.134,1.128,1.134,28341.48,3207326.64
2026-06-22 05:00:00+00:00,1.133,1.138,1.133,1.134,21889.6,2484770.02
2026-06-22 06:00:00+00:00,1.135,1.137,1.128,1.13,24372.63,2759963.303
2026-06-22 07:00:00+00:00,1.131,1.1395,1.129,1.1366,47357.84,5381096.125
2026-06-22 08:00:00+00:00,1.1366,1.1375,1.1313,1.1341,38759.08,4396346.4081
2026-06-22 09:00:00+00:00,1.1342,1.1368,1.1319,1.1339,19302.01,2189213.2067
2026-06-22 10:00:00+00:00,1.1339,1.1382,1.1337,1.1367,22720.32,2581676.891
2026-06-22 11:00:00+00:00,1.1368,1.1494,1.1357,1.1472,51478.41,5890165.1638
2026-06-22 12:00:00+00:00,1.1472,1.1584,1.1456,1.1568,56601.35,6515218.5421
2026-06-22 13:00:00+00:00,1.1569,1.163,1.1515,1.163,65038.01,7525517.2085
2026-06-22 14:00:00+00:00,1.1631,1.1631,1.1394,1.1421,100420.25,11541778.2861
2026-06-22 15:00:00+00:00,1.1422,1.1472,1.1367,1.1388,64858.52,7407503.2011
2026-06-22 16:00:00+00:00,1.1389,1.1422,1.134,1.1377,41416.37,4712445.0877
2026-06-22 17:00:00+00:00,1.1377,1.1397,1.1316,1.1386,22422.64,2546448.7696
2026-06-22 18:00:00+00:00,1.1386,1.1433,1.1311,1.132,31127.68,3540821.328
2026-06-22 19:00:00+00:00,1.1321,1.1346,1.1287,1.1335,37229.83,4210861.1656
2026-06-22 20:00:00+00:00,1.1334,1.1366,1.1287,1.131,31259.15,3536948.5674
2026-06-22 21:00:00+00:00,1.1309,1.1322,1.1285,1.1303,7415.0,837639.5241
